sstockin0,sstockin0@example.com
rjoburn1,rjoburn1@example.com
jstyle2,jstyle2@example.com
rmargett3,rmargett3@example.com
jdudill4,jdudill4@example.com
kcuel5,kcuel5@example.com
dwyatt6,dwyatt6@example.com
nravenhills7,nravenhills7@example.com
dcarling8,dcarling8@example.com
jschwier9,jschwier9@example.com
dphilotta,dphilotta@example.com
badamovskyb,badamovskyb@example.com
kcarassc,kcarassc@example.com
ecubind,ecubind@example.com
lmacclintone,lmacclintone@example.com
wturbefieldf,wturbefieldf@example.com
lstriblingg,lstriblingg@example.com
ctellenbachh,ctellenbachh@example.com
agunteri,agunteri@example.com
rgengej,rgengej@example.com
aobalk,aobalk@example.com
hlowyl,hlowyl@example.com
cjeaycockm,cjeaycockm@example.com
easpinelln,easpinelln@example.com
jcatterello,jcatterello@example.com
celstubp,celstubp@example.com
ethaxtonq,ethaxtonq@example.com
jeberleinr,jeberleinr@example.com
emacanellyes,emacanellyes@example.com
fthalt,fthalt@example.com
sbattenu,sbattenu@example.com
gchesselv,gchesselv@example.com
mhallew,mhallew@example.com
sransomx,sransomx@example.com
vbodegay,vbodegay@example.com
wsalsbergz,wsalsbergz@example.com
ajedrasik10,ajedrasik10@example.com
glewerenz11,glewerenz11@example.com
lblackney12,lblackney12@example.com
gwardlaw13,gwardlaw13@example.com
mdeferraris14,mdeferraris14@example.com
tolijve15,tolijve15@example.com
mniche16,mniche16@example.com
ahurry17,ahurry17@example.com
hsturrock18,hsturrock18@example.com
cspringell19,cspringell19@example.com
dhouselee1a,dhouselee1a@example.com
gmaccallum1b,gmaccallum1b@example.com
jpunt1c,jpunt1c@example.com
scristofol1d,scristofol1d@example.com
dcisec1e,dcisec1e@example.com
iberrigan1f,iberrigan1f@example.com
stolfrey1g,stolfrey1g@example.com
eperis1h,eperis1h@example.com
dprate1i,dprate1i@example.com
mperdue1j,mperdue1j@example.com
knicholls1k,knicholls1k@example.com
mbulgen1l,mbulgen1l@example.com
athurling1m,athurling1m@example.com
ngreggor1n,ngreggor1n@example.com
mbrownsill1o,mbrownsill1o@example.com
vfullalove1p,vfullalove1p@example.com
stippin1q,stippin1q@example.com
tkillock1r,tkillock1r@example.com
erodder1s,erodder1s@example.com
cpasquale1t,cpasquale1t@example.com
dmcallan1u,dmcallan1u@example.com
okuhnel1v,okuhnel1v@example.com
bgregor1w,bgregor1w@example.com
dcraighall1x,dcraighall1x@example.com
rwillshire1y,rwillshire1y@example.com
wkalberer1z,wkalberer1z@example.com
vlatimer20,vlatimer20@example.com
jarckoll21,jarckoll21@example.com
cschouthede22,cschouthede22@example.com
cmallabund23,cmallabund23@example.com
mcheccucci24,mcheccucci24@example.com
holney25,holney25@example.com
npenella26,npenella26@example.com
tdolle27,tdolle27@example.com
ntawn28,ntawn28@example.com
dcudiff29,dcudiff29@example.com
fwalework2a,fwalework2a@example.com
nscatchar2b,nscatchar2b@example.com
cweddell2c,cweddell2c@example.com
dstrick2d,dstrick2d@example.com
ddionisii2e,ddionisii2e@example.com
rjewers2f,rjewers2f@example.com
jmoroney2g,jmoroney2g@example.com
eisaaksohn2h,eisaaksohn2h@example.com
kfink2i,kfink2i@example.com
mmumford2j,mmumford2j@example.com
shubbucke2k,shubbucke2k@example.com
ebendelow2l,ebendelow2l@example.com
slockner2m,slockner2m@example.com
mmulcahy2n,mmulcahy2n@example.com
cembery2o,cembery2o@example.com
mslany2p,mslany2p@example.com
whedingham2q,whedingham2q@example.com
pbatchelder2r,pbatchelder2r@example.com